Merit Johnson (Karakata Holdings Daily Wage),358,Wage,-224,1750335
Katherine Moss (Elite Jewels Daily Wage),358,Wage,-250,1750085
Lara Norris (Warehouse #1 Daily Wage),358,Wage,-153.9,1749931
Grover Brown (Karakata Holdings Daily Wage),358,Wage,-200,1749731
Olivia Cox (Katalytica Midtown Daily Wage),358,Wage,-432,1749299
Tristan Barker (Katalytica Midtown Daily Wage),358,Wage,-536,1748763
Maya Turner (Karvin Kween Daily Wage),358,Wage,-288,1748475
Mollie Jenkins (Karakata Holdings Daily Wage),358,Wage,-224,1748251
Oscar Evans (Katar Midtown Daily Wage),358,Wage,-69,1748182
Annabelle Stewart (Katar Midtown Daily Wage),358,Wage,-396,1747786
Traci Parker (Elite Jewels Daily Wage),358,Wage,-78,1747708
Douglas Collins (Karakata Holdings Daily Wage),358,Wage,-44,1747664
Lara Wright (Elite Couture Daily Wage),358,Wage,-232,1747432
Scarlett Davis (Elite Couture Daily Wage),358,Wage,-297,1747135
Christen Butler (Elite Jewels Daily Wage),358,Wage,-240,1746895
Katie Ward (Elite Jewels Daily Wage),358,Wage,-192,1746703
Eliza Owens (Katar Midtown Daily Wage),358,Wage,-432,1746271
Kathryn James (Karakata Holdings Daily Wage),358,Wage,-208,1746063
Georgina Lopez (Karakata Holdings Daily Wage),358,Wage,-192,1745871
Zachary Hill (Warehouse #2 Daily Wage),358,Wage,-159.6,1745712
Mollie Martinez (Kalico Midtown Daily Wage),358,Wage,-200,1745512
Traci Miles (Karakata Holdings Daily Wage),358,Wage,-192,1745320
Eve Sullivan (Kalico Midtown Daily Wage),358,Wage,-240,1745080
Joel Rogers (Kalico Midtown Daily Wage),358,Wage,-90,1744990
Wilhelmina Cooper (Kalico Midtown Daily Wage),358,Wage,-264,1744726
Leon Powell (Kalico Midtown Daily Wage),358,Wage,-256,1744470
Ralph Hughes (The Green Salad Daily Wage),358,Wage,-228,1744242
Jennifer Kelly (The Green Salad Daily Wage),358,Wage,-700,1743542
Zoe Cooper (The Green Salad Daily Wage),358,Wage,-868,1742674
Mark Nelson (Katar Midtown Daily Wage),358,Wage,-516,1742158
Ruth Gray (The Suits Law Firm Daily Wage),358,Wage,-1632,1740526
Ava Powell (The Suits Law Firm Daily Wage),358,Wage,-1400,1739126
Helen Richardson (The Suits Law Firm Daily Wage),358,Wage,-1600,1737526
Daisy Williams (The Suits Law Firm Daily Wage),358,Wage,-1512,1736014
Lindsey Hall (The Suits Law Firm Daily Wage),358,Wage,-888,1735126
Taylor Myers (The Suits Law Firm Daily Wage),358,Wage,-1024,1734102
Ava Rogers (The Suits Law Firm Daily Wage),358,Wage,-1344,1732758
Elise Sanchez (The Suits Law Firm Daily Wage),358,Wage,-1368,1731390
Owen Martin (The Suits Law Firm Daily Wage),358,Wage,-1456,1729934
Isabel Roberts (The Suits Law Firm Daily Wage),358,Wage,-1344,1728590
Louise Gomez (The Suits Law Firm Daily Wage),358,Wage,-1600,1726990
Charlotte Murphy (The Suits Law Firm Daily Wage),358,Wage,-1272,1725718
Leah Martin (The Suits Law Firm Daily Wage),358,Wage,-1128,1724590
Kevin Bennett (The Suits Law Firm Daily Wage),358,Wage,-56,1724534
Sonny Mitchell (Karakata Associates Daily Wage),358,Wage,-968,1723566
Naomi Robinson (Karakata Associates Daily Wage),358,Wage,-984,1722582
Stephanie Wilson (Karakata Associates Daily Wage),358,Wage,-616,1721966
Roosevelt Wright (Karakata Associates Daily Wage),358,Wage,-912,1721054
Homer Foster (Karakata Associates Daily Wage),358,Wage,-736,1720318
Sadie Powell (Karakata Associates Daily Wage),358,Wage,-40,1720278
Clara Williams (Elite Jewels Daily Wage),358,Wage,-496,1719782
Zoe Campbell (Karakata Holdings Daily Wage),358,Wage,-232,1719550
Theodore Brown (Karakata Holdings Daily Wage),358,Wage,-160,1719390
Annabel Myers (Katalytica Midtown Daily Wage),358,Wage,-680,1718710
Traci Hughes (Katalytica Midtown Daily Wage),358,Wage,-1016,1717694
Michelle Ross (Katalytica Midtown Daily Wage),358,Wage,-904,1716790
Georgia Howell (Katalytica Midtown Daily Wage),358,Wage,-1168,1715622
Sally Ross (Katalytica Midtown Daily Wage),358,Wage,-1248,1714374
Eloise Watson (Katalytica Midtown Daily Wage),358,Wage,-1272,1713102
Eliza Brooks (Katalytica Midtown Daily Wage),358,Wage,-1072,1712030
Natasha Williams (Katalytica Midtown Daily Wage),358,Wage,-1144,1710886
Tobias Barker (Katalytica Midtown Daily Wage),358,Wage,-488,1710398
Margie Morgan (Katalytica Midtown Daily Wage),358,Wage,-1088,1709310
Nannie Gray (Katalytica Midtown Daily Wage),358,Wage,-968,1708342
Dell Nelson (Katalytica Midtown Daily Wage),358,Wage,-528,1707814
Ben Stewart (Katalytica Midtown Daily Wage),358,Wage,-1016,1706798
Lois Ross (Katalytica Midtown Daily Wage),358,Wage,-936,1705862
Christen Hughes (Katalytica Midtown Daily Wage),358,Wage,-664,1705198
Andrew Green (Katalytica Midtown Daily Wage),358,Wage,-512,1704686
Raymond Jenkins (Katalytica Midtown Daily Wage),358,Wage,-1112,1703574
Lillie Peterson (Katalytica Midtown Daily Wage),358,Wage,-856,1702718
Margie Stewart (Katalytica Midtown Daily Wage),358,Wage,-608,1702110
Natalie Cook (Katalytica Midtown Daily Wage),358,Wage,-832,1701278
Curtis Baker (Katalytica Midtown Daily Wage),358,Wage,-600,1700678
Lydia Martin (Katalytica Midtown Daily Wage),358,Wage,-504,1700174
Taylor Campbell (Katalytica Midtown Daily Wage),358,Wage,-1248,1698926
Isaac Edwards (Katalytica Midtown Daily Wage),358,Wage,-736,1698190
Stanley Casey (Katalytica Midtown Daily Wage),358,Wage,-704,1697486
Maya Roberts (Katalytica Midtown Daily Wage),358,Wage,-736,1696750
Yasmin Wilson (Katalytica Midtown Daily Wage),358,Wage,-1016,1695734
Alan Torres (Katalytica Midtown Daily Wage),358,Wage,-872,1694862
Hollie Rogers (Katalytica Midtown Daily Wage),358,Wage,-600,1694262
Harriet Carr (Katalytica Midtown Daily Wage),358,Wage,-496,1693766
Sofia Cook (Katalytica Midtown Daily Wage),358,Wage,-728,1693038
Annie Edwards (Katalytica Midtown Daily Wage),358,Wage,-704,1692334
Summer Sullivan (Katalytica Midtown Daily Wage),358,Wage,-568,1691766
Jason Russell (Katalytica Midtown Daily Wage),358,Wage,-1168,1690598
Patrick Walker (Katalytica Midtown Daily Wage),358,Wage,-1208,1689390
Josephine Clark (Katalytica Midtown Daily Wage),358,Wage,-384,1689006
Sofia Garcia (Katalytica Midtown Daily Wage),358,Wage,-416,1688590
Curtis Green (Katalytica Midtown Daily Wage),358,Wage,-528,1688062
Christen Wilson (Katalytica Midtown Daily Wage),358,Wage,-432,1687630
Maya Hubbard (Katalytica Midtown Daily Wage),358,Wage,-392,1687238
Kevin Wright (Katalytica Midtown Daily Wage),358,Wage,-344,1686894
Yasmin Garcia (Katalytica Midtown Daily Wage),358,Wage,-352,1686542
Louise Green (Katalytica Midtown Daily Wage),358,Wage,-368,1686174
Marino Parker (Katalytica Midtown Daily Wage),358,Wage,-344,1685830
Taylor Green (Katalytica HK Daily Wage),358,Wage,-632,1685198
Sebastian Hughes (Katalytica HK Daily Wage),358,Wage,-752,1684446
Annabel Morris (Katalytica HK Daily Wage),358,Wage,-1296,1683150
Sebastian Miles (Katalytica HK Daily Wage),358,Wage,-472,1682678
Tristan Smith (Katalytica HK Daily Wage),358,Wage,-664,1682014
Vincent Butler (Katalytica HK Daily Wage),358,Wage,-1128,1680886
Summer Peterson (Katalytica HK Daily Wage),358,Wage,-688,1680198
Westbrook Lee (Katalytica HK Daily Wage),358,Wage,-1272,1678926
Catherine Adams (Katalytica HK Daily Wage),358,Wage,-832,1678094
Sandy Hughes (Katalytica HK Daily Wage),358,Wage,-848,1677246
Cloten Walker (Katalytica HK Daily Wage),358,Wage,-752,1676494
Sonny Foster (Katalytica HK Daily Wage),358,Wage,-984,1675510
Pax Cox (Katalytica HK Daily Wage),358,Wage,-48,1675462
Eva Smith (Karvin Kween Daily Wage),358,Wage,-200,1675262
Public parking for UMC Desert,358,PublicParking,-120,1675142
31 1st Avenue Rent,359,Rent,-201.106,1674941
The Suits Law Firm Revenue,358,Revenue,75600,1750541
9 1st Street Rent,359,Rent,-70.98742,1750470
Katalytica HK Revenue,358,Revenue,19200,1769670
59 3rd Street Rent,359,Rent,-75.99196,1769594
29 5th Avenue Rent,359,Rent,-24.32862,1769569
Karakata Associates Revenue,358,Revenue,6840,1776409
29 1st Avenue Rent,359,Rent,-317.3102,1776092
Kalico Midtown Revenue,358,Revenue,31021,1807113
24 2nd Avenue Rent,359,Rent,-460.3931,1806653
3 2nd Avenue Rent,359,Rent,-154.5364,1806498
Karvin Kween Revenue,358,Revenue,7740,1814238
21 5th Avenue Rent,359,Rent,-145.9717,1814092
33 5th Avenue Rent,359,Rent,-230.1557,1813862
5 8th Street Rent,359,Rent,-135.4097,1813727
Elite Couture Revenue,358,Revenue,81400,1895127
19 1st Avenue Rent,359,Rent,-250.508,1894876
The Green Salad Revenue,358,Revenue,16020,1910896
30 2nd Avenue Rent,359,Rent,-1158.506,1909738
Elite Jewels Revenue,358,Revenue,254000,2163738
44 1st Avenue Rent,359,Rent,-535.2296,2163202
Katalytica Midtown Revenue,358,Revenue,203200,2366402
6 3rd Avenue Rent,359,Rent,-1158.506,2365244
Katar Midtown Revenue,358,Revenue,65217,2430461
Delivery from SeaSide Internationals,359,ImportDelivery,-25874.21,2404587
Marketing campaigns for The Suits Law Firm,359,Marketing,-2750,2401837
Marketing campaigns for Katalytica HK,359,Marketing,-2750,2399087
Marketing campaigns for Karakata Associates,359,Marketing,-500,2398587
Marketing campaigns for Kalico Midtown,359,Marketing,-2750,2395837
Marketing campaigns for Karvin Kween,359,Marketing,-1350,2394487
Marketing campaigns for Elite Couture,359,Marketing,-1350,2393137
Marketing campaigns for The Green Salad,359,Marketing,-1350,2391787
Marketing campaigns for Elite Jewels,359,Marketing,-9350,2382437
Marketing campaigns for Katalytica Midtown,359,Marketing,-6350,2376087
Marketing campaigns for Katar Midtown,359,Marketing,-9350,2366737
42 3rd Street rent revenue,360,RentRevenue,290.7497,2367027
44 3rd Street rent revenue,360,RentRevenue,177.2649,2367205
Evie Jones (Katalytica Midtown Daily Wage),359,Wage,-448,2366757
Lily Barton (Katalytica Midtown Daily Wage),359,Wage,-344,2366413
Zoe Gomez (Elite Jewels Daily Wage),359,Wage,-256,2366157
Tommy Brooks (Katalytica Midtown Daily Wage),359,Wage,-44,2366113
Christian Hall (Karakata Holdings Daily Wage),359,Wage,-184,2365929
Merit Johnson (Karakata Holdings Daily Wage),359,Wage,-224,2365705
Katherine Moss (Elite Jewels Daily Wage),359,Wage,-200,2365505
Lara Norris (Warehouse #1 Daily Wage),359,Wage,-153.9,2365351
Grover Brown (Karakata Holdings Daily Wage),359,Wage,-200,2365151
Olivia Cox (Katalytica Midtown Daily Wage),359,Wage,-432,2364719
Tristan Barker (Katalytica Midtown Daily Wage),359,Wage,-536,2364183
Maya Turner (Karvin Kween Daily Wage),359,Wage,-288,2363895
Mollie Jenkins (Karakata Holdings Daily Wage),359,Wage,-224,2363671
Abbie Lopez (Katar Midtown Daily Wage),359,Wage,-168,2363503
Traci Parker (Elite Jewels Daily Wage),359,Wage,-78,2363425
Douglas Collins (Karakata Holdings Daily Wage),359,Wage,-44,2363381
Frederick Kelly (Elite Couture Daily Wage),359,Wage,-54,2363327
Lilly Harris (Elite Couture Daily Wage),359,Wage,-216,2363111
Lara Wright (Elite Couture Daily Wage),359,Wage,-232,2362879
Scarlett Davis (Elite Couture Daily Wage),359,Wage,-132,2362747
Christen Butler (Elite Jewels Daily Wage),359,Wage,-240,2362507
Katie Ward (Elite Jewels Daily Wage),359,Wage,-256,2362251
Eliza Owens (Katar Midtown Daily Wage),359,Wage,-432,2361819
Kathryn James (Karakata Holdings Daily Wage),359,Wage,-208,2361611
Georgina Lopez (Karakata Holdings Daily Wage),359,Wage,-192,2361419
Zachary Hill (Warehouse #2 Daily Wage),359,Wage,-159.6,2361259
Mollie Martinez (Kalico Midtown Daily Wage),359,Wage,-200,2361059
Traci Miles (Karakata Holdings Daily Wage),359,Wage,-192,2360867
Eve Sullivan (Kalico Midtown Daily Wage),359,Wage,-240,2360627
Wilhelmina Cooper (Kalico Midtown Daily Wage),359,Wage,-330,2360297
Leon Powell (Kalico Midtown Daily Wage),359,Wage,-256,2360041
Ralph Hughes (The Green Salad Daily Wage),359,Wage,-266,2359775
Helen Watson (The Green Salad Daily Wage),359,Wage,-308,2359467
Jennifer Kelly (The Green Salad Daily Wage),359,Wage,-700,2358767
Zoe Cooper (The Green Salad Daily Wage),359,Wage,-124,2358643
Mark Nelson (Katar Midtown Daily Wage),359,Wage,-516,2358127
Zoe Foster (Katar Midtown Daily Wage),359,Wage,-300,2357827
Ruth Gray (The Suits Law Firm Daily Wage),359,Wage,-1632,2356195
Ava Powell (The Suits Law Firm Daily Wage),359,Wage,-1400,2354795
Helen Richardson (The Suits Law Firm Daily Wage),359,Wage,-1600,2353195
Daisy Williams (The Suits Law Firm Daily Wage),359,Wage,-1512,2351683
Lindsey Hall (The Suits Law Firm Daily Wage),359,Wage,-888,2350795
Taylor Myers (The Suits Law Firm Daily Wage),359,Wage,-1024,2349771
Ava Rogers (The Suits Law Firm Daily Wage),359,Wage,-1344,2348427
Elise Sanchez (The Suits Law Firm Daily Wage),359,Wage,-1368,2347059
Owen Martin (The Suits Law Firm Daily Wage),359,Wage,-1456,2345603
Isabel Roberts (The Suits Law Firm Daily Wage),359,Wage,-1008,2344595
Louise Gomez (The Suits Law Firm Daily Wage),359,Wage,-1600,2342995
Charlotte Murphy (The Suits Law Firm Daily Wage),359,Wage,-1272,2341723
Leah Martin (The Suits Law Firm Daily Wage),359,Wage,-1128,2340595
Kevin Bennett (The Suits Law Firm Daily Wage),359,Wage,-56,2340539
Sonny Mitchell (Karakata Associates Daily Wage),359,Wage,-968,2339571
Naomi Robinson (Karakata Associates Daily Wage),359,Wage,-984,2338587
Stephanie Wilson (Karakata Associates Daily Wage),359,Wage,-616,2337971
Roosevelt Wright (Karakata Associates Daily Wage),359,Wage,-912,2337059
Homer Foster (Karakata Associates Daily Wage),359,Wage,-736,2336323
Sadie Powell (Karakata Associates Daily Wage),359,Wage,-40,2336283
Clara Williams (Elite Jewels Daily Wage),359,Wage,-496,2335787
Curtis Harris (Katar Midtown Daily Wage),359,Wage,-252,2335535
Zoe Campbell (Karakata Holdings Daily Wage),359,Wage,-232,2335303
Theodore Brown (Karakata Holdings Daily Wage),359,Wage,-160,2335143
Annabel Myers (Katalytica Midtown Daily Wage),359,Wage,-680,2334463
Michelle Ross (Katalytica Midtown Daily Wage),359,Wage,-904,2333559
Georgia Howell (Katalytica Midtown Daily Wage),359,Wage,-1168,2332391
Sally Ross (Katalytica Midtown Daily Wage),359,Wage,-1248,2331143
Eloise Watson (Katalytica Midtown Daily Wage),359,Wage,-1272,2329871
Eliza Brooks (Katalytica Midtown Daily Wage),359,Wage,-1072,2328799
Natasha Williams (Katalytica Midtown Daily Wage),359,Wage,-1144,2327655
Tobias Barker (Katalytica Midtown Daily Wage),359,Wage,-488,2327167
Margie Morgan (Katalytica Midtown Daily Wage),359,Wage,-1088,2326079
Nannie Gray (Katalytica Midtown Daily Wage),359,Wage,-968,2325111
Dell Nelson (Katalytica Midtown Daily Wage),359,Wage,-528,2324583
Ben Stewart (Katalytica Midtown Daily Wage),359,Wage,-1016,2323567
Lois Ross (Katalytica Midtown Daily Wage),359,Wage,-936,2322631
Christen Hughes (Katalytica Midtown Daily Wage),359,Wage,-664,2321967
Andrew Green (Katalytica Midtown Daily Wage),359,Wage,-512,2321455
Madeleine Scott (Katalytica Midtown Daily Wage),359,Wage,-728,2320727
Raymond Jenkins (Katalytica Midtown Daily Wage),359,Wage,-1112,2319615
Lillie Peterson (Katalytica Midtown Daily Wage),359,Wage,-856,2318759
Margie Stewart (Katalytica Midtown Daily Wage),359,Wage,-608,2318151
Natalie Cook (Katalytica Midtown Daily Wage),359,Wage,-832,2317319
Curtis Baker (Katalytica Midtown Daily Wage),359,Wage,-600,2316719
Lydia Martin (Katalytica Midtown Daily Wage),359,Wage,-504,2316215
Taylor Campbell (Katalytica Midtown Daily Wage),359,Wage,-1248,2314967
Isaac Edwards (Katalytica Midtown Daily Wage),359,Wage,-736,2314231
Stanley Casey (Katalytica Midtown Daily Wage),359,Wage,-704,2313527
Maya Roberts (Katalytica Midtown Daily Wage),359,Wage,-736,2312791
Yasmin Wilson (Katalytica Midtown Daily Wage),359,Wage,-1016,2311775
Alan Torres (Katalytica Midtown Daily Wage),359,Wage,-872,2310903
Hollie Rogers (Katalytica Midtown Daily Wage),359,Wage,-600,2310303
Harriet Carr (Katalytica Midtown Daily Wage),359,Wage,-496,2309807
Sofia Cook (Katalytica Midtown Daily Wage),359,Wage,-728,2309079
Annie Edwards (Katalytica Midtown Daily Wage),359,Wage,-704,2308375
Summer Sullivan (Katalytica Midtown Daily Wage),359,Wage,-568,2307807
Jason Russell (Katalytica Midtown Daily Wage),359,Wage,-1168,2306639
Rosie Garcia (Katalytica Midtown Daily Wage),359,Wage,-1016,2305623
Patrick Walker (Katalytica Midtown Daily Wage),359,Wage,-1208,2304415
Josephine Clark (Katalytica Midtown Daily Wage),359,Wage,-384,2304031
Sofia Garcia (Katalytica Midtown Daily Wage),359,Wage,-416,2303615
Curtis Green (Katalytica Midtown Daily Wage),359,Wage,-528,2303087
Christen Wilson (Katalytica Midtown Daily Wage),359,Wage,-432,2302655
Maya Hubbard (Katalytica Midtown Daily Wage),359,Wage,-392,2302263
Kevin Wright (Katalytica Midtown Daily Wage),359,Wage,-344,2301919
Yasmin Garcia (Katalytica Midtown Daily Wage),359,Wage,-352,2301567
Louise Green (Katalytica Midtown Daily Wage),359,Wage,-368,2301199
Marino Parker (Katalytica Midtown Daily Wage),359,Wage,-344,2300855
Taylor Green (Katalytica HK Daily Wage),359,Wage,-632,2300223
Sebastian Hughes (Katalytica HK Daily Wage),359,Wage,-752,2299471
Annabel Morris (Katalytica HK Daily Wage),359,Wage,-1296,2298175
Sebastian Miles (Katalytica HK Daily Wage),359,Wage,-472,2297703
Tristan Smith (Katalytica HK Daily Wage),359,Wage,-664,2297039
Vincent Butler (Katalytica HK Daily Wage),359,Wage,-1128,2295911
Summer Peterson (Katalytica HK Daily Wage),359,Wage,-688,2295223
Westbrook Lee (Katalytica HK Daily Wage),359,Wage,-1272,2293951
Catherine Adams (Katalytica HK Daily Wage),359,Wage,-832,2293119
Sandy Hughes (Katalytica HK Daily Wage),359,Wage,-848,2292271
Cloten Walker (Katalytica HK Daily Wage),359,Wage,-752,2291519
Sonny Foster (Katalytica HK Daily Wage),359,Wage,-984,2290535
Pax Cox (Katalytica HK Daily Wage),359,Wage,-48,2290487
Eva Smith (Karvin Kween Daily Wage),359,Wage,-200,2290287
Public parking for UMC Desert,359,PublicParking,-120,2290167
31 1st Avenue Rent,360,Rent,-201.106,2289966
The Suits Law Firm Revenue,359,Revenue,67200,2357166
9 1st Street Rent,360,Rent,-70.98742,2357095
Katalytica HK Revenue,359,Revenue,16800,2373895
59 3rd Street Rent,360,Rent,-75.99196,2373819
29 5th Avenue Rent,360,Rent,-24.32862,2373795
Karakata Associates Revenue,359,Revenue,6840,2380635
29 1st Avenue Rent,360,Rent,-317.3102,2380318
Kalico Midtown Revenue,359,Revenue,30141,2410459
24 2nd Avenue Rent,360,Rent,-460.3931,2409998
3 2nd Avenue Rent,360,Rent,-154.5364,2409844
Karvin Kween Revenue,359,Revenue,6480,2416324
21 5th Avenue Rent,360,Rent,-145.9717,2416178
33 5th Avenue Rent,360,Rent,-230.1557,2415947
5 8th Street Rent,360,Rent,-135.4097,2415812
Elite Couture Revenue,359,Revenue,73540,2489352
19 1st Avenue Rent,360,Rent,-250.508,2489101
The Green Salad Revenue,359,Revenue,17204,2506305
30 2nd Avenue Rent,360,Rent,-1158.506,2505147
Elite Jewels Revenue,359,Revenue,232200,2737347
44 1st Avenue Rent,360,Rent,-535.2296,2736812
Katalytica Midtown Revenue,359,Revenue,193600,2930412
6 3rd Avenue Rent,360,Rent,-1158.506,2929253
Katar Midtown Revenue,359,Revenue,64215,2993468
Marketing campaigns for The Suits Law Firm,360,Marketing,-2750,2990718
Marketing campaigns for Katalytica HK,360,Marketing,-2750,2987968
Marketing campaigns for Karakata Associates,360,Marketing,-500,2987468
Marketing campaigns for Kalico Midtown,360,Marketing,-2750,2984718
Marketing campaigns for Karvin Kween,360,Marketing,-1350,2983368
Marketing campaigns for Elite Couture,360,Marketing,-1350,2982018
Marketing campaigns for The Green Salad,360,Marketing,-1350,2980668
Marketing campaigns for Elite Jewels,360,Marketing,-9350,2971318
Marketing campaigns for Katalytica Midtown,360,Marketing,-6350,2964968
Marketing campaigns for Katar Midtown,360,Marketing,-9350,2955618
42 3rd Street rent revenue,361,RentRevenue,290.7497,2955909
44 3rd Street rent revenue,361,RentRevenue,177.2649,2956086
Evie Jones (Katalytica Midtown Daily Wage),360,Wage,-448,2955638
Tommy Brooks (Katalytica Midtown Daily Wage),360,Wage,-44,2955594
Christian Hall (Karakata Holdings Daily Wage),360,Wage,-184,2955410
Merit Johnson (Karakata Holdings Daily Wage),360,Wage,-224,2955186
Lara Norris (Warehouse #1 Daily Wage),360,Wage,-153.9,2955032
Grover Brown (Karakata Holdings Daily Wage),360,Wage,-200,2954832
Olivia Cox (Katalytica Midtown Daily Wage),360,Wage,-432,2954400
Mollie Jenkins (Karakata Holdings Daily Wage),360,Wage,-224,2954176
Abbie Lopez (Katar Midtown Daily Wage),360,Wage,-168,2954008
Traci Parker (Elite Jewels Daily Wage),360,Wage,-52,2953956
Douglas Collins (Karakata Holdings Daily Wage),360,Wage,-44,2953912
Dominic Fisher (Elite Jewels Daily Wage),360,Wage,-184,2953728
Frederick Kelly (Elite Couture Daily Wage),360,Wage,-54,2953674
Lilly Harris (Elite Couture Daily Wage),360,Wage,-216,2953458
Lara Wright (Elite Couture Daily Wage),360,Wage,-232,2953226
Scarlett Davis (Elite Couture Daily Wage),360,Wage,-66,2953160
Christen Butler (Elite Jewels Daily Wage),360,Wage,-480,2952680
Katie Ward (Elite Jewels Daily Wage),360,Wage,-256,2952424
Bradley Turner (Karvin Kween Daily Wage),360,Wage,-270,2952154
Eliza Owens (Katar Midtown Daily Wage),360,Wage,-216,2951938
Kathryn James (Karakata Holdings Daily Wage),360,Wage,-208,2951730
Georgina Lopez (Karakata Holdings Daily Wage),360,Wage,-192,2951538
Zachary Hill (Warehouse #2 Daily Wage),360,Wage,-159.6,2951379
Emilia White (Kalico Midtown Daily Wage),360,Wage,-224,2951155
Traci Miles (Karakata Holdings Daily Wage),360,Wage,-192,2950963
Eve Sullivan (Kalico Midtown Daily Wage),360,Wage,-240,2950723
Joel Rogers (Kalico Midtown Daily Wage),360,Wage,-240,2950483
Ralph Hughes (The Green Salad Daily Wage),360,Wage,-266,2950217
Helen Watson (The Green Salad Daily Wage),360,Wage,-616,2949601
Jennifer Kelly (The Green Salad Daily Wage),360,Wage,-350,2949251
Zoe Cooper (The Green Salad Daily Wage),360,Wage,-248,2949003
Mark Nelson (Katar Midtown Daily Wage),360,Wage,-258,2948745
Zoe Foster (Katar Midtown Daily Wage),360,Wage,-300,2948445
Ruth Gray (The Suits Law Firm Daily Wage),360,Wage,-1632,2946813
Ava Powell (The Suits Law Firm Daily Wage),360,Wage,-1400,2945413
Daisy Williams (The Suits Law Firm Daily Wage),360,Wage,-1512,2943901
Lindsey Hall (The Suits Law Firm Daily Wage),360,Wage,-888,2943013
Taylor Myers (The Suits Law Firm Daily Wage),360,Wage,-1024,2941989
Ava Rogers (The Suits Law Firm Daily Wage),360,Wage,-1344,2940645
Elise Sanchez (The Suits Law Firm Daily Wage),360,Wage,-1368,2939277
Nicholas Sanchez (The Suits Law Firm Daily Wage),360,Wage,-968,2938309
Owen Martin (The Suits Law Firm Daily Wage),360,Wage,-1456,2936853
Courtney Nicholson (The Suits Law Firm Daily Wage),360,Wage,-968,2935885
Louise Gomez (The Suits Law Firm Daily Wage),360,Wage,-1600,2934285
Traci Martin (The Suits Law Firm Daily Wage),360,Wage,-1544,2932741
Bonnie Howard (The Suits Law Firm Daily Wage),360,Wage,-888,2931853
Kevin Bennett (The Suits Law Firm Daily Wage),360,Wage,-56,2931797
Sonny Mitchell (Karakata Associates Daily Wage),360,Wage,-968,2930829
Naomi Robinson (Karakata Associates Daily Wage),360,Wage,-984,2929845
Stephanie Wilson (Karakata Associates Daily Wage),360,Wage,-616,2929229
Roosevelt Wright (Karakata Associates Daily Wage),360,Wage,-912,2928317
Homer Foster (Karakata Associates Daily Wage),360,Wage,-736,2927581
Sadie Powell (Karakata Associates Daily Wage),360,Wage,-40,2927541
Curtis Jackson (Katar Midtown Daily Wage),360,Wage,-144,2927397
Justin Davis (Katar Midtown Daily Wage),360,Wage,-156,2927241
Curtis Harris (Katar Midtown Daily Wage),360,Wage,-252,2926989
Zoe Campbell (Karakata Holdings Daily Wage),360,Wage,-232,2926757
Theodore Brown (Karakata Holdings Daily Wage),360,Wage,-160,2926597
Annabel Myers (Katalytica Midtown Daily Wage),360,Wage,-680,2925917
Traci Hughes (Katalytica Midtown Daily Wage),360,Wage,-1016,2924901
Michelle Ross (Katalytica Midtown Daily Wage),360,Wage,-904,2923997
Georgia Howell (Katalytica Midtown Daily Wage),360,Wage,-1168,2922829
Eliza Brooks (Katalytica Midtown Daily Wage),360,Wage,-1072,2921757
Natasha Williams (Katalytica Midtown Daily Wage),360,Wage,-1144,2920613
Tobias Barker (Katalytica Midtown Daily Wage),360,Wage,-488,2920125
Margie Morgan (Katalytica Midtown Daily Wage),360,Wage,-1088,2919037
Nannie Gray (Katalytica Midtown Daily Wage),360,Wage,-968,2918069
Ben Stewart (Katalytica Midtown Daily Wage),360,Wage,-1016,2917053
Elise Martinez (Katalytica Midtown Daily Wage),360,Wage,-1088,2915965
Lois Ross (Katalytica Midtown Daily Wage),360,Wage,-936,2915029
Andrew Green (Katalytica Midtown Daily Wage),360,Wage,-512,2914517
Madeleine Scott (Katalytica Midtown Daily Wage),360,Wage,-728,2913789
Lewis Morgan (Katalytica Midtown Daily Wage),360,Wage,-816,2912973
Raymond Jenkins (Katalytica Midtown Daily Wage),360,Wage,-1112,2911861
Lillie Peterson (Katalytica Midtown Daily Wage),360,Wage,-856,2911005
Margie Stewart (Katalytica Midtown Daily Wage),360,Wage,-608,2910397
Gawen Myers (Katalytica Midtown Daily Wage),360,Wage,-936,2909461
Natalie Cook (Katalytica Midtown Daily Wage),360,Wage,-832,2908629
Curtis Baker (Katalytica Midtown Daily Wage),360,Wage,-600,2908029
Lydia Martin (Katalytica Midtown Daily Wage),360,Wage,-504,2907525
Isaac Edwards (Katalytica Midtown Daily Wage),360,Wage,-736,2906789
Stanley Casey (Katalytica Midtown Daily Wage),360,Wage,-704,2906085
Maya Roberts (Katalytica Midtown Daily Wage),360,Wage,-736,2905349
Ruth Watson (Katalytica Midtown Daily Wage),360,Wage,-688,2904661
Yasmin Wilson (Katalytica Midtown Daily Wage),360,Wage,-1016,2903645
Alan Torres (Katalytica Midtown Daily Wage),360,Wage,-872,2902773
Hollie Rogers (Katalytica Midtown Daily Wage),360,Wage,-600,2902173
Harriet Carr (Katalytica Midtown Daily Wage),360,Wage,-496,2901677
Sofia Cook (Katalytica Midtown Daily Wage),360,Wage,-728,2900949
Summer Sullivan (Katalytica Midtown Daily Wage),360,Wage,-568,2900381
Velma Fisher (Katalytica Midtown Daily Wage),360,Wage,-592,2899789
Patrick Walker (Katalytica Midtown Daily Wage),360,Wage,-1208,2898581
Curtis Green (Katalytica Midtown Daily Wage),360,Wage,-528,2898053
Maya Hubbard (Katalytica Midtown Daily Wage),360,Wage,-392,2897661
Kevin Wright (Katalytica Midtown Daily Wage),360,Wage,-344,2897317
Louise Green (Katalytica Midtown Daily Wage),360,Wage,-368,2896949
Marino Parker (Katalytica Midtown Daily Wage),360,Wage,-344,2896605
Eloise Powell (Katalytica Midtown Daily Wage),360,Wage,-528,2896077
Nancy Butler (Katalytica Midtown Daily Wage),360,Wage,-504,2895573
Reuben Sanchez (Katalytica Midtown Daily Wage),360,Wage,-432,2895141
Layla Bell (Katalytica Midtown Daily Wage),360,Wage,-408,2894733
Martin Anderson (Katalytica Midtown Daily Wage),360,Wage,-552,2894181
Scott Parker (Katalytica Midtown Daily Wage),360,Wage,-512,2893669
Taylor Green (Katalytica HK Daily Wage),360,Wage,-632,2893037
Sebastian Hughes (Katalytica HK Daily Wage),360,Wage,-752,2892285
Annabel Morris (Katalytica HK Daily Wage),360,Wage,-1296,2890989
Caleb Smith (Katalytica HK Daily Wage),360,Wage,-680,2890309
Leo Carter (Katalytica HK Daily Wage),360,Wage,-584,2889725
Sebastian Miles (Katalytica HK Daily Wage),360,Wage,-472,2889253
Vincent Butler (Katalytica HK Daily Wage),360,Wage,-1128,2888125
Treasigh Ward (Katalytica HK Daily Wage),360,Wage,-592,2887533
Westbrook Lee (Katalytica HK Daily Wage),360,Wage,-1272,2886261
Sandy Hughes (Katalytica HK Daily Wage),360,Wage,-848,2885413
Cloten Walker (Katalytica HK Daily Wage),360,Wage,-752,2884661
Sonny Foster (Katalytica HK Daily Wage),360,Wage,-984,2883677
Pax Cox (Katalytica HK Daily Wage),360,Wage,-48,2883629
Eva Smith (Karvin Kween Daily Wage),360,Wage,-200,2883429
Public parking for UMC Desert,360,PublicParking,-120,2883309
31 1st Avenue Rent,361,Rent,-201.106,2883108
The Suits Law Firm Revenue,360,Revenue,57600,2940708
9 1st Street Rent,361,Rent,-70.98742,2940637
Katalytica HK Revenue,360,Revenue,12000,2952637
59 3rd Street Rent,361,Rent,-75.99196,2952561
29 5th Avenue Rent,361,Rent,-24.32862,2952536
Karakata Associates Revenue,360,Revenue,6840,2959376
29 1st Avenue Rent,361,Rent,-317.3102,2959059
Kalico Midtown Revenue,360,Revenue,29392,2988451
24 2nd Avenue Rent,361,Rent,-460.3931,2987991
3 2nd Avenue Rent,361,Rent,-154.5364,2987836
Karvin Kween Revenue,360,Revenue,5820,2993656
21 5th Avenue Rent,361,Rent,-145.9717,2993510
33 5th Avenue Rent,361,Rent,-230.1557,2993280
5 8th Street Rent,361,Rent,-135.4097,2993144
Elite Couture Revenue,360,Revenue,62160,3055304
19 1st Avenue Rent,361,Rent,-250.508,3055054
The Green Salad Revenue,360,Revenue,16956,3072010
30 2nd Avenue Rent,361,Rent,-1158.506,3070851
Elite Jewels Revenue,360,Revenue,197800,3268651
44 1st Avenue Rent,361,Rent,-535.2296,3268116
Katalytica Midtown Revenue,360,Revenue,163200,3431316
6 3rd Avenue Rent,361,Rent,-1158.506,3430158
Katar Midtown Revenue,360,Revenue,61803,3491961
Delivery from United Ocean Import ,361,ImportDelivery,-165619.6,3326341
Marketing campaigns for The Suits Law Firm,361,Marketing,-2750,3323591
Marketing campaigns for Katalytica HK,361,Marketing,-2750,3320841
Marketing campaigns for Karakata Associates,361,Marketing,-500,3320341
Marketing campaigns for Kalico Midtown,361,Marketing,-2750,3317591
Marketing campaigns for Karvin Kween,361,Marketing,-1350,3316241
Marketing campaigns for Elite Couture,361,Marketing,-1350,3314891
Marketing campaigns for The Green Salad,361,Marketing,-1350,3313541
Marketing campaigns for Elite Jewels,361,Marketing,-9350,3304191
Marketing campaigns for Katalytica Midtown,361,Marketing,-6350,3297841
Marketing campaigns for Katar Midtown,361,Marketing,-9350,3288491
42 3rd Street rent revenue,362,RentRevenue,290.7497,3288782
44 3rd Street rent revenue,362,RentRevenue,177.2649,3288959
Evie Jones (Katalytica Midtown Daily Wage),361,Wage,-448,3288511
Lily Barton (Katalytica Midtown Daily Wage),361,Wage,-344,3288167
Tommy Brooks (Katalytica Midtown Daily Wage),361,Wage,-44,3288123
Christian Hall (Karakata Holdings Daily Wage),361,Wage,-184,3287939
Merit Johnson (Karakata Holdings Daily Wage),361,Wage,-224,3287715
Lara Norris (Warehouse #1 Daily Wage),361,Wage,-153.9,3287561
Grover Brown (Karakata Holdings Daily Wage),361,Wage,-200,3287361
Olivia Cox (Katalytica Midtown Daily Wage),361,Wage,-432,3286929
Tristan Barker (Katalytica Midtown Daily Wage),361,Wage,-536,3286393
Mollie Jenkins (Karakata Holdings Daily Wage),361,Wage,-224,3286169
Annabelle Stewart (Katar Midtown Daily Wage),361,Wage,-396,3285773
Curtis Norris (Elite Jewels Daily Wage),361,Wage,-368,3285405
Traci Parker (Elite Jewels Daily Wage),361,Wage,-52,3285353
Douglas Collins (Karakata Holdings Daily Wage),361,Wage,-44,3285309
Dominic Fisher (Elite Jewels Daily Wage),361,Wage,-184,3285125
Frederick Kelly (Elite Couture Daily Wage),361,Wage,-27,3285098
Lilly Harris (Elite Couture Daily Wage),361,Wage,-288,3284810
Scarlett Davis (Elite Couture Daily Wage),361,Wage,-264,3284546
Katie Ward (Elite Jewels Daily Wage),361,Wage,-256,3284290
Bradley Turner (Karvin Kween Daily Wage),361,Wage,-90,3284200
Justin Mitchell (Karvin Kween Daily Wage),361,Wage,-156,3284044
Kathryn James (Karakata Holdings Daily Wage),361,Wage,-208,3283836
Georgina Lopez (Karakata Holdings Daily Wage),361,Wage,-192,3283644
Zachary Hill (Warehouse #2 Daily Wage),361,Wage,-159.6,3283485
Emilia White (Kalico Midtown Daily Wage),361,Wage,-224,3283261
Danielle Mitchell (Kalico Midtown Daily Wage),361,Wage,-200,3283061
Traci Miles (Karakata Holdings Daily Wage),361,Wage,-192,3282869
Eve Sullivan (Kalico Midtown Daily Wage),361,Wage,-300,3282569
Joel Rogers (Kalico Midtown Daily Wage),361,Wage,-240,3282329
Ralph Hughes (The Green Salad Daily Wage),361,Wage,-266,3282063
Helen Watson (The Green Salad Daily Wage),361,Wage,-616,3281447
Harvey Anderson (The Green Salad Daily Wage),361,Wage,-224,3281223
Zoe Cooper (The Green Salad Daily Wage),361,Wage,-186,3281037
Ruth Gray (The Suits Law Firm Daily Wage),361,Wage,-1632,3279405
Ava Powell (The Suits Law Firm Daily Wage),361,Wage,-1400,3278005
Helen Richardson (The Suits Law Firm Daily Wage),361,Wage,-800,3277205
Daisy Williams (The Suits Law Firm Daily Wage),361,Wage,-1512,3275693
Lindsey Hall (The Suits Law Firm Daily Wage),361,Wage,-888,3274805
Taylor Myers (The Suits Law Firm Daily Wage),361,Wage,-1024,3273781
Elise Sanchez (The Suits Law Firm Daily Wage),361,Wage,-1368,3272413
Nicholas Sanchez (The Suits Law Firm Daily Wage),361,Wage,-968,3271445
Isabel Roberts (The Suits Law Firm Daily Wage),361,Wage,-1344,3270101
Courtney Nicholson (The Suits Law Firm Daily Wage),361,Wage,-968,3269133
Louise Gomez (The Suits Law Firm Daily Wage),361,Wage,-1600,3267533
Traci Martin (The Suits Law Firm Daily Wage),361,Wage,-772,3266761
Bonnie Howard (The Suits Law Firm Daily Wage),361,Wage,-888,3265873
Margaret Smith (The Suits Law Firm Daily Wage),361,Wage,-928,3264945
Kevin Bennett (The Suits Law Firm Daily Wage),361,Wage,-56,3264889
Sonny Mitchell (Karakata Associates Daily Wage),361,Wage,-968,3263921
Naomi Robinson (Karakata Associates Daily Wage),361,Wage,-984,3262937
Stephanie Wilson (Karakata Associates Daily Wage),361,Wage,-616,3262321
Roosevelt Wright (Karakata Associates Daily Wage),361,Wage,-912,3261409
Homer Foster (Karakata Associates Daily Wage),361,Wage,-736,3260673
Sadie Powell (Karakata Associates Daily Wage),361,Wage,-40,3260633
Curtis Jackson (Katar Midtown Daily Wage),361,Wage,-288,3260345
Justin Davis (Katar Midtown Daily Wage),361,Wage,-312,3260033
Curtis Harris (Katar Midtown Daily Wage),361,Wage,-63,3259970
Zoe Campbell (Karakata Holdings Daily Wage),361,Wage,-232,3259738
Theodore Brown (Karakata Holdings Daily Wage),361,Wage,-160,3259578
Annabel Myers (Katalytica Midtown Daily Wage),361,Wage,-680,3258898
Traci Hughes (Katalytica Midtown Daily Wage),361,Wage,-1016,3257882
Michelle Ross (Katalytica Midtown Daily Wage),361,Wage,-904,3256978
Georgia Howell (Katalytica Midtown Daily Wage),361,Wage,-1168,3255810
Sally Ross (Katalytica Midtown Daily Wage),361,Wage,-1248,3254562
Eloise Watson (Katalytica Midtown Daily Wage),361,Wage,-1272,3253290
Eliza Brooks (Katalytica Midtown Daily Wage),361,Wage,-1072,3252218
Tobias Barker (Katalytica Midtown Daily Wage),361,Wage,-488,3251730
Dell Nelson (Katalytica Midtown Daily Wage),361,Wage,-528,3251202
Elise Martinez (Katalytica Midtown Daily Wage),361,Wage,-1088,3250114
Lois Ross (Katalytica Midtown Daily Wage),361,Wage,-936,3249178
Christen Hughes (Katalytica Midtown Daily Wage),361,Wage,-664,3248514
Andrew Green (Katalytica Midtown Daily Wage),361,Wage,-512,3248002
Madeleine Scott (Katalytica Midtown Daily Wage),361,Wage,-728,3247274
Lewis Morgan (Katalytica Midtown Daily Wage),361,Wage,-816,3246458
Lillie Peterson (Katalytica Midtown Daily Wage),361,Wage,-856,3245602
Margie Stewart (Katalytica Midtown Daily Wage),361,Wage,-608,3244994
Gawen Myers (Katalytica Midtown Daily Wage),361,Wage,-936,3244058
Natalie Cook (Katalytica Midtown Daily Wage),361,Wage,-832,3243226
Curtis Baker (Katalytica Midtown Daily Wage),361,Wage,-600,3242626
Lydia Martin (Katalytica Midtown Daily Wage),361,Wage,-504,3242122
Isaac Edwards (Katalytica Midtown Daily Wage),361,Wage,-736,3241386
Maya Roberts (Katalytica Midtown Daily Wage),361,Wage,-736,3240650
Ruth Watson (Katalytica Midtown Daily Wage),361,Wage,-688,3239962
Yasmin Wilson (Katalytica Midtown Daily Wage),361,Wage,-1016,3238946
Alan Torres (Katalytica Midtown Daily Wage),361,Wage,-872,3238074
Hollie Rogers (Katalytica Midtown Daily Wage),361,Wage,-600,3237474
Harriet Carr (Katalytica Midtown Daily Wage),361,Wage,-496,3236978
Annie Edwards (Katalytica Midtown Daily Wage),361,Wage,-704,3236274
Summer Sullivan (Katalytica Midtown Daily Wage),361,Wage,-568,3235706
Jason Russell (Katalytica Midtown Daily Wage),361,Wage,-1168,3234538
Velma Fisher (Katalytica Midtown Daily Wage),361,Wage,-592,3233946
Rosie Garcia (Katalytica Midtown Daily Wage),361,Wage,-1016,3232930
Patrick Walker (Katalytica Midtown Daily Wage),361,Wage,-1208,3231722
Curtis Green (Katalytica Midtown Daily Wage),361,Wage,-528,3231194
Maya Hubbard (Katalytica Midtown Daily Wage),361,Wage,-392,3230802
Kevin Wright (Katalytica Midtown Daily Wage),361,Wage,-344,3230458
Louise Green (Katalytica Midtown Daily Wage),361,Wage,-368,3230090
Marino Parker (Katalytica Midtown Daily Wage),361,Wage,-344,3229746
Eloise Powell (Katalytica Midtown Daily Wage),361,Wage,-528,3229218
Nancy Butler (Katalytica Midtown Daily Wage),361,Wage,-504,3228714
Reuben Sanchez (Katalytica Midtown Daily Wage),361,Wage,-432,3228282
Layla Bell (Katalytica Midtown Daily Wage),361,Wage,-408,3227874
Martin Anderson (Katalytica Midtown Daily Wage),361,Wage,-552,3227322
Scott Parker (Katalytica Midtown Daily Wage),361,Wage,-512,3226810
Taylor Green (Katalytica HK Daily Wage),361,Wage,-632,3226178
Sebastian Hughes (Katalytica HK Daily Wage),361,Wage,-752,3225426
Annabel Morris (Katalytica HK Daily Wage),361,Wage,-1296,3224130
Caleb Smith (Katalytica HK Daily Wage),361,Wage,-680,3223450
Leo Carter (Katalytica HK Daily Wage),361,Wage,-584,3222866
Sebastian Miles (Katalytica HK Daily Wage),361,Wage,-472,3222394
Vincent Butler (Katalytica HK Daily Wage),361,Wage,-1128,3221266
Treasigh Ward (Katalytica HK Daily Wage),361,Wage,-592,3220674
Westbrook Lee (Katalytica HK Daily Wage),361,Wage,-1272,3219402
Sandy Hughes (Katalytica HK Daily Wage),361,Wage,-848,3218554
Cloten Walker (Katalytica HK Daily Wage),361,Wage,-752,3217802
Sonny Foster (Katalytica HK Daily Wage),361,Wage,-984,3216818
Pax Cox (Katalytica HK Daily Wage),361,Wage,-48,3216770
Eva Smith (Karvin Kween Daily Wage),361,Wage,-250,3216520
Public parking for UMC Desert,361,PublicParking,-120,3216400
31 1st Avenue Rent,362,Rent,-201.106,3216199
The Suits Law Firm Revenue,361,Revenue,67200,3283399
9 1st Street Rent,362,Rent,-70.98742,3283328
Katalytica HK Revenue,361,Revenue,16800,3300128
59 3rd Street Rent,362,Rent,-75.99196,3300052
29 5th Avenue Rent,362,Rent,-24.32862,3300027
Karakata Associates Revenue,361,Revenue,6840,3306867
29 1st Avenue Rent,362,Rent,-317.3102,3306550
Kalico Midtown Revenue,361,Revenue,26502,3333052
24 2nd Avenue Rent,362,Rent,-460.3931,3332592
3 2nd Avenue Rent,362,Rent,-154.5364,3332437
Karvin Kween Revenue,361,Revenue,6960,3339397
21 5th Avenue Rent,362,Rent,-145.9717,3339251
33 5th Avenue Rent,362,Rent,-230.1557,3339021
5 8th Street Rent,362,Rent,-135.4097,3338885
Elite Couture Revenue,361,Revenue,73540,3412425
19 1st Avenue Rent,362,Rent,-250.508,3412175
The Green Salad Revenue,361,Revenue,17200,3429375
30 2nd Avenue Rent,362,Rent,-1158.506,3428216
Elite Jewels Revenue,361,Revenue,240500,3668716
44 1st Avenue Rent,362,Rent,-535.2296,3668181
Katalytica Midtown Revenue,361,Revenue,193600,3861781
6 3rd Avenue Rent,362,Rent,-1158.506,3860623
Katar Midtown Revenue,361,Revenue,62844,3923467
Marketing campaigns for The Suits Law Firm,362,Marketing,-2750,3920717
Marketing campaigns for Katalytica HK,362,Marketing,-2750,3917967
Marketing campaigns for Karakata Associates,362,Marketing,-500,3917467
Marketing campaigns for Kalico Midtown,362,Marketing,-2750,3914717
Marketing campaigns for Karvin Kween,362,Marketing,-1350,3913367
Marketing campaigns for Elite Couture,362,Marketing,-1350,3912017
Marketing campaigns for The Green Salad,362,Marketing,-1350,3910667
Marketing campaigns for Elite Jewels,362,Marketing,-9350,3901317
Marketing campaigns for Katalytica Midtown,362,Marketing,-6350,3894967
Marketing campaigns for Katar Midtown,362,Marketing,-9350,3885617
Lace Global A investment,362,Investment,-2000000,1885617
42 3rd Street rent revenue,363,RentRevenue,290.7497,1885907
44 3rd Street rent revenue,363,RentRevenue,177.2649,1886085
Evie Jones (Katalytica Midtown Daily Wage),362,Wage,-448,1885637
Christian Hall (Karakata Holdings Daily Wage),362,Wage,-184,1885453
Merit Johnson (Karakata Holdings Daily Wage),362,Wage,-224,1885229
Katherine Moss (Elite Jewels Daily Wage),362,Wage,-100,1885129
Lara Norris (Warehouse #1 Daily Wage),362,Wage,-153.9,1884975
Grover Brown (Karakata Holdings Daily Wage),362,Wage,-200,1884775
Olivia Cox (Katalytica Midtown Daily Wage),362,Wage,-432,1884343
Maya Turner (Karvin Kween Daily Wage),362,Wage,-256,1884087
Mollie Jenkins (Karakata Holdings Daily Wage),362,Wage,-224,1883863
Oscar Evans (Katar Midtown Daily Wage),362,Wage,-276,1883587
Annabelle Stewart (Katar Midtown Daily Wage),362,Wage,-198,1883389
Traci Parker (Elite Jewels Daily Wage),362,Wage,-156,1883233
Douglas Collins (Karakata Holdings Daily Wage),362,Wage,-44,1883189
Dominic Fisher (Elite Jewels Daily Wage),362,Wage,-368,1882821
Frederick Kelly (Elite Couture Daily Wage),362,Wage,-27,1882794
Lilly Harris (Elite Couture Daily Wage),362,Wage,-288,1882506
Scarlett Davis (Elite Couture Daily Wage),362,Wage,-264,1882242
Bradley Turner (Karvin Kween Daily Wage),362,Wage,-90,1882152
Justin Mitchell (Karvin Kween Daily Wage),362,Wage,-208,1881944
Eliza Owens (Katar Midtown Daily Wage),362,Wage,-216,1881728
Kathryn James (Karakata Holdings Daily Wage),362,Wage,-208,1881520
Georgina Lopez (Karakata Holdings Daily Wage),362,Wage,-192,1881328
Zachary Hill (Warehouse #2 Daily Wage),362,Wage,-159.6,1881168
Mollie Martinez (Kalico Midtown Daily Wage),362,Wage,-200,1880968
Traci Miles (Karakata Holdings Daily Wage),362,Wage,-192,1880776
Joel Rogers (Kalico Midtown Daily Wage),362,Wage,-240,1880536
Wilhelmina Cooper (Kalico Midtown Daily Wage),362,Wage,-264,1880272
Leon Powell (Kalico Midtown Daily Wage),362,Wage,-320,1879952
Ralph Hughes (The Green Salad Daily Wage),362,Wage,-266,1879686
Zoe Thompson (The Green Salad Daily Wage),362,Wage,-306,1879380
Harvey Anderson (The Green Salad Daily Wage),362,Wage,-224,1879156
Zoe Cooper (The Green Salad Daily Wage),362,Wage,-434,1878722
Ruth Gray (The Suits Law Firm Daily Wage),362,Wage,-1632,1877090
Ava Powell (The Suits Law Firm Daily Wage),362,Wage,-1400,1875690
Daisy Williams (The Suits Law Firm Daily Wage),362,Wage,-1512,1874178
Lindsey Hall (The Suits Law Firm Daily Wage),362,Wage,-888,1873290
Elise Sanchez (The Suits Law Firm Daily Wage),362,Wage,-1368,1871922
Nicholas Sanchez (The Suits Law Firm Daily Wage),362,Wage,-968,1870954
Isabel Roberts (The Suits Law Firm Daily Wage),362,Wage,-1344,1869610
Louise Gomez (The Suits Law Firm Daily Wage),362,Wage,-1600,1868010
Traci Martin (The Suits Law Firm Daily Wage),362,Wage,-1544,1866466
Charlotte Murphy (The Suits Law Firm Daily Wage),362,Wage,-1272,1865194
Bonnie Howard (The Suits Law Firm Daily Wage),362,Wage,-888,1864306
Margaret Smith (The Suits Law Firm Daily Wage),362,Wage,-928,1863378
Leah Martin (The Suits Law Firm Daily Wage),362,Wage,-1128,1862250
Kevin Bennett (The Suits Law Firm Daily Wage),362,Wage,-56,1862194
Sonny Mitchell (Karakata Associates Daily Wage),362,Wage,-968,1861226
Naomi Robinson (Karakata Associates Daily Wage),362,Wage,-984,1860242
Stephanie Wilson (Karakata Associates Daily Wage),362,Wage,-616,1859626
Roosevelt Wright (Karakata Associates Daily Wage),362,Wage,-912,1858714
Homer Foster (Karakata Associates Daily Wage),362,Wage,-736,1857978
Sadie Powell (Karakata Associates Daily Wage),362,Wage,-40,1857938
Curtis Jackson (Katar Midtown Daily Wage),362,Wage,-288,1857650
Justin Davis (Katar Midtown Daily Wage),362,Wage,-312,1857338
Zoe Campbell (Karakata Holdings Daily Wage),362,Wage,-232,1857106
Theodore Brown (Karakata Holdings Daily Wage),362,Wage,-160,1856946
Annabel Myers (Katalytica Midtown Daily Wage),362,Wage,-680,1856266
Traci Hughes (Katalytica Midtown Daily Wage),362,Wage,-1016,1855250
Michelle Ross (Katalytica Midtown Daily Wage),362,Wage,-904,1854346
Georgia Howell (Katalytica Midtown Daily Wage),362,Wage,-1168,1853178
Eliza Brooks (Katalytica Midtown Daily Wage),362,Wage,-1072,1852106
Tobias Barker (Katalytica Midtown Daily Wage),362,Wage,-488,1851618
Ben Stewart (Katalytica Midtown Daily Wage),362,Wage,-1016,1850602
Lois Ross (Katalytica Midtown Daily Wage),362,Wage,-936,1849666
Christen Hughes (Katalytica Midtown Daily Wage),362,Wage,-664,1849002
Andrew Green (Katalytica Midtown Daily Wage),362,Wage,-512,1848490
Madeleine Scott (Katalytica Midtown Daily Wage),362,Wage,-728,1847762
Lewis Morgan (Katalytica Midtown Daily Wage),362,Wage,-816,1846946
Margie Stewart (Katalytica Midtown Daily Wage),362,Wage,-608,1846338
Gawen Myers (Katalytica Midtown Daily Wage),362,Wage,-936,1845402
Natalie Cook (Katalytica Midtown Daily Wage),362,Wage,-832,1844570
Curtis Baker (Katalytica Midtown Daily Wage),362,Wage,-600,1843970
Lydia Martin (Katalytica Midtown Daily Wage),362,Wage,-504,1843466
Isaac Edwards (Katalytica Midtown Daily Wage),362,Wage,-736,1842730
Maya Roberts (Katalytica Midtown Daily Wage),362,Wage,-736,1841994
Ruth Watson (Katalytica Midtown Daily Wage),362,Wage,-688,1841306
Yasmin Wilson (Katalytica Midtown Daily Wage),362,Wage,-1016,1840290
Alan Torres (Katalytica Midtown Daily Wage),362,Wage,-872,1839418
Hollie Rogers (Katalytica Midtown Daily Wage),362,Wage,-600,1838818
Harriet Carr (Katalytica Midtown Daily Wage),362,Wage,-496,1838322
Summer Sullivan (Katalytica Midtown Daily Wage),362,Wage,-568,1837754
Josephine Clark (Katalytica Midtown Daily Wage),362,Wage,-384,1837370
Sofia Garcia (Katalytica Midtown Daily Wage),362,Wage,-416,1836954
Curtis Green (Katalytica Midtown Daily Wage),362,Wage,-528,1836426
Christen Wilson (Katalytica Midtown Daily Wage),362,Wage,-432,1835994
Maya Hubbard (Katalytica Midtown Daily Wage),362,Wage,-392,1835602
Kevin Wright (Katalytica Midtown Daily Wage),362,Wage,-344,1835258
Yasmin Garcia (Katalytica Midtown Daily Wage),362,Wage,-352,1834906
Louise Green (Katalytica Midtown Daily Wage),362,Wage,-368,1834538
Marino Parker (Katalytica Midtown Daily Wage),362,Wage,-344,1834194
Eloise Powell (Katalytica Midtown Daily Wage),362,Wage,-528,1833666
Nancy Butler (Katalytica Midtown Daily Wage),362,Wage,-504,1833162
Reuben Sanchez (Katalytica Midtown Daily Wage),362,Wage,-432,1832730
Layla Bell (Katalytica Midtown Daily Wage),362,Wage,-408,1832322
Martin Anderson (Katalytica Midtown Daily Wage),362,Wage,-552,1831770
Scott Parker (Katalytica Midtown Daily Wage),362,Wage,-512,1831258
Taylor Green (Katalytica HK Daily Wage),362,Wage,-632,1830626
Caleb Smith (Katalytica HK Daily Wage),362,Wage,-680,1829946
Tristan Smith (Katalytica HK Daily Wage),362,Wage,-664,1829282
Raymond Howard (Katalytica HK Daily Wage),362,Wage,-984,1828298
Elsie Martinez (Katalytica HK Daily Wage),362,Wage,-1248,1827050
Oscar Allen (Katalytica HK Daily Wage),362,Wage,-1248,1825802
Ava Phillips (Katalytica HK Daily Wage),362,Wage,-704,1825098
Eva Richardson (Katalytica HK Daily Wage),362,Wage,-1128,1823970
Isabel Price (Katalytica HK Daily Wage),362,Wage,-968,1823002
Danny Wright (Katalytica HK Daily Wage),362,Wage,-1088,1821914
Danny Robinson (Katalytica HK Daily Wage),362,Wage,-1296,1820618
Pax Cox (Katalytica HK Daily Wage),362,Wage,-48,1820570
Public parking for UMC Desert,362,PublicParking,-120,1820450
31 1st Avenue Rent,363,Rent,-201.106,1820249
The Suits Law Firm Revenue,362,Revenue,76800,1897049
9 1st Street Rent,363,Rent,-70.98742,1896978
Katalytica HK Revenue,362,Revenue,19200,1916178
59 3rd Street Rent,363,Rent,-75.99196,1916102
29 5th Avenue Rent,363,Rent,-24.32862,1916078
Karakata Associates Revenue,362,Revenue,9120,1925198
29 1st Avenue Rent,363,Rent,-317.3102,1924880
Kalico Midtown Revenue,362,Revenue,29127,1954007
24 2nd Avenue Rent,363,Rent,-460.3931,1953547
3 2nd Avenue Rent,363,Rent,-154.5364,1953392
Karvin Kween Revenue,362,Revenue,8040,1961432
21 5th Avenue Rent,363,Rent,-145.9717,1961286
33 5th Avenue Rent,363,Rent,-230.1557,1961056
5 8th Street Rent,363,Rent,-135.4097,1960921
Elite Couture Revenue,362,Revenue,85840,2046761
19 1st Avenue Rent,363,Rent,-250.508,2046510
The Green Salad Revenue,362,Revenue,17360,2063870
30 2nd Avenue Rent,363,Rent,-1158.506,2062712
Elite Jewels Revenue,362,Revenue,264500,2327212
44 1st Avenue Rent,363,Rent,-535.2296,2326677
Katalytica Midtown Revenue,362,Revenue,222400,2549077
6 3rd Avenue Rent,363,Rent,-1158.506,2547918
Katar Midtown Revenue,362,Revenue,66810,2614728
Marketing campaigns for The Suits Law Firm,363,Marketing,-2750,2611978
Marketing campaigns for Katalytica HK,363,Marketing,-2750,2609228
Marketing campaigns for Karakata Associates,363,Marketing,-500,2608728
Marketing campaigns for Kalico Midtown,363,Marketing,-2750,2605978
Marketing campaigns for Karvin Kween,363,Marketing,-1350,2604628
Marketing campaigns for Elite Couture,363,Marketing,-1350,2603278
Marketing campaigns for The Green Salad,363,Marketing,-1350,2601928
Marketing campaigns for Elite Jewels,363,Marketing,-9350,2592578
Marketing campaigns for Katalytica Midtown,363,Marketing,-6350,2586228
Marketing campaigns for Katar Midtown,363,Marketing,-9350,2576878
42 3rd Street rent revenue,364,RentRevenue,290.7497,2577169
44 3rd Street rent revenue,364,RentRevenue,177.2649,2577346
Evie Jones (Katalytica Midtown Daily Wage),363,Wage,-448,2576898
Zoe Gomez (Elite Jewels Daily Wage),363,Wage,-192,2576706
Tommy Brooks (Katalytica Midtown Daily Wage),363,Wage,-44,2576662
Katherine Moss (Elite Jewels Daily Wage),363,Wage,-200,2576462
Lara Norris (Warehouse #1 Daily Wage),363,Wage,-153.9,2576308
Olivia Cox (Katalytica Midtown Daily Wage),363,Wage,-432,2575876
Abbie Lopez (Katar Midtown Daily Wage),363,Wage,-168,2575708
Curtis Norris (Elite Jewels Daily Wage),363,Wage,-184,2575524
Traci Parker (Elite Jewels Daily Wage),363,Wage,-208,2575316
Frederick Kelly (Elite Couture Daily Wage),363,Wage,-216,2575100
Lilly Harris (Elite Couture Daily Wage),363,Wage,-72,2575028
Lara Wright (Elite Couture Daily Wage),363,Wage,-232,2574796
Christen Butler (Elite Jewels Daily Wage),363,Wage,-180,2574616
Bradley Turner (Karvin Kween Daily Wage),363,Wage,-90,2574526
Justin Mitchell (Karvin Kween Daily Wage),363,Wage,-182,2574344
Eliza Owens (Katar Midtown Daily Wage),363,Wage,-432,2573912
Zachary Hill (Warehouse #2 Daily Wage),363,Wage,-159.6,2573753
Emilia White (Kalico Midtown Daily Wage),363,Wage,-224,2573529
Danielle Mitchell (Kalico Midtown Daily Wage),363,Wage,-200,2573329
Eve Sullivan (Kalico Midtown Daily Wage),363,Wage,-240,2573089
Joel Rogers (Kalico Midtown Daily Wage),363,Wage,-240,2572849
Leon Powell (Kalico Midtown Daily Wage),363,Wage,-64,2572785
Jennifer Kelly (The Green Salad Daily Wage),363,Wage,-350,2572435
Zoe Thompson (The Green Salad Daily Wage),363,Wage,-340,2572095
Harvey Anderson (The Green Salad Daily Wage),363,Wage,-288,2571807
Mark Nelson (Katar Midtown Daily Wage),363,Wage,-516,2571291
Zoe Foster (Katar Midtown Daily Wage),363,Wage,-300,2570991
Ruth Gray (The Suits Law Firm Daily Wage),363,Wage,-1632,2569359
Ava Powell (The Suits Law Firm Daily Wage),363,Wage,-1400,2567959
Daisy Williams (The Suits Law Firm Daily Wage),363,Wage,-1512,2566447
Lindsey Hall (The Suits Law Firm Daily Wage),363,Wage,-888,2565559
Taylor Myers (The Suits Law Firm Daily Wage),363,Wage,-1024,2564535
Elise Sanchez (The Suits Law Firm Daily Wage),363,Wage,-1368,2563167
Nicholas Sanchez (The Suits Law Firm Daily Wage),363,Wage,-968,2562199
Owen Martin (The Suits Law Firm Daily Wage),363,Wage,-728,2561471
Courtney Nicholson (The Suits Law Firm Daily Wage),363,Wage,-968,2560503
Louise Gomez (The Suits Law Firm Daily Wage),363,Wage,-1600,2558903
Traci Martin (The Suits Law Firm Daily Wage),363,Wage,-1544,2557359
Bonnie Howard (The Suits Law Firm Daily Wage),363,Wage,-888,2556471
Margaret Smith (The Suits Law Firm Daily Wage),363,Wage,-928,2555543
Kevin Bennett (The Suits Law Firm Daily Wage),363,Wage,-56,2555487
Lewis Murphy (Karakata Associates Daily Wage),363,Wage,-760,2554727
Marie Walker (Karakata Associates Daily Wage),363,Wage,-704,2554023
Lewin Allen (Karakata Associates Daily Wage),363,Wage,-736,2553287
Sadie Powell (Karakata Associates Daily Wage),363,Wage,-40,2553247
Jason Miller (Elite Jewels Daily Wage),363,Wage,-364,2552883
Curtis Harris (Katar Midtown Daily Wage),363,Wage,-63,2552820
Annabel Myers (Katalytica Midtown Daily Wage),363,Wage,-680,2552140
Traci Hughes (Katalytica Midtown Daily Wage),363,Wage,-1016,2551124
Michelle Ross (Katalytica Midtown Daily Wage),363,Wage,-904,2550220
Georgia Howell (Katalytica Midtown Daily Wage),363,Wage,-1168,2549052
Eliza Brooks (Katalytica Midtown Daily Wage),363,Wage,-1072,2547980
Tobias Barker (Katalytica Midtown Daily Wage),363,Wage,-488,2547492
Ben Stewart (Katalytica Midtown Daily Wage),363,Wage,-1016,2546476
Lois Ross (Katalytica Midtown Daily Wage),363,Wage,-936,2545540
Christen Hughes (Katalytica Midtown Daily Wage),363,Wage,-664,2544876
Andrew Green (Katalytica Midtown Daily Wage),363,Wage,-512,2544364
Madeleine Scott (Katalytica Midtown Daily Wage),363,Wage,-728,2543636
Lewis Morgan (Katalytica Midtown Daily Wage),363,Wage,-816,2542820
Margie Stewart (Katalytica Midtown Daily Wage),363,Wage,-608,2542212
Gawen Myers (Katalytica Midtown Daily Wage),363,Wage,-936,2541276
Natalie Cook (Katalytica Midtown Daily Wage),363,Wage,-832,2540444
Curtis Baker (Katalytica Midtown Daily Wage),363,Wage,-600,2539844
Lydia Martin (Katalytica Midtown Daily Wage),363,Wage,-504,2539340
Isaac Edwards (Katalytica Midtown Daily Wage),363,Wage,-736,2538604
Maya Roberts (Katalytica Midtown Daily Wage),363,Wage,-736,2537868
Ruth Watson (Katalytica Midtown Daily Wage),363,Wage,-688,2537180
Alan Torres (Katalytica Midtown Daily Wage),363,Wage,-872,2536308
Hollie Rogers (Katalytica Midtown Daily Wage),363,Wage,-600,2535708
Harriet Carr (Katalytica Midtown Daily Wage),363,Wage,-496,2535212
Summer Sullivan (Katalytica Midtown Daily Wage),363,Wage,-568,2534644
Curtis Green (Katalytica Midtown Daily Wage),363,Wage,-528,2534116
Maya Hubbard (Katalytica Midtown Daily Wage),363,Wage,-392,2533724
Kevin Wright (Katalytica Midtown Daily Wage),363,Wage,-344,2533380
Louise Green (Katalytica Midtown Daily Wage),363,Wage,-368,2533012
Marino Parker (Katalytica Midtown Daily Wage),363,Wage,-344,2532668
Eloise Powell (Katalytica Midtown Daily Wage),363,Wage,-528,2532140
Nancy Butler (Katalytica Midtown Daily Wage),363,Wage,-504,2531636
Reuben Sanchez (Katalytica Midtown Daily Wage),363,Wage,-432,2531204
Scott Parker (Katalytica Midtown Daily Wage),363,Wage,-512,2530692
Taylor Green (Katalytica HK Daily Wage),363,Wage,-632,2530060
Caleb Smith (Katalytica HK Daily Wage),363,Wage,-680,2529380
Raymond Howard (Katalytica HK Daily Wage),363,Wage,-1722,2527658
Elsie Martinez (Katalytica HK Daily Wage),363,Wage,-1248,2526410
Oscar Allen (Katalytica HK Daily Wage),363,Wage,-1248,2525162
Ava Phillips (Katalytica HK Daily Wage),363,Wage,-704,2524458
Sandy Hughes (Katalytica HK Daily Wage),363,Wage,-848,2523610
Eva Richardson (Katalytica HK Daily Wage),363,Wage,-1128,2522482
Isabel Price (Katalytica HK Daily Wage),363,Wage,-968,2521514
Danny Wright (Katalytica HK Daily Wage),363,Wage,-1088,2520426
Danny Robinson (Katalytica HK Daily Wage),363,Wage,-1296,2519130
Pax Cox (Katalytica HK Daily Wage),363,Wage,-48,2519082
Eva Smith (Karvin Kween Daily Wage),363,Wage,-225,2518857
Public parking for UMC Desert,363,PublicParking,-120,2518737
31 1st Avenue Rent,364,Rent,-201.106,2518536
The Suits Law Firm Revenue,363,Revenue,96000,2614536
9 1st Street Rent,364,Rent,-70.98742,2614465
Katalytica HK Revenue,363,Revenue,24000,2638465
59 3rd Street Rent,364,Rent,-75.99196,2638389
29 5th Avenue Rent,364,Rent,-24.32862,2638365
Karakata Associates Revenue,363,Revenue,8835,2647200
29 1st Avenue Rent,364,Rent,-317.3102,2646882
Kalico Midtown Revenue,363,Revenue,28855,2675737
24 2nd Avenue Rent,364,Rent,-460.3931,2675277
3 2nd Avenue Rent,364,Rent,-154.5364,2675122
Karvin Kween Revenue,363,Revenue,9360,2684482
21 5th Avenue Rent,364,Rent,-145.9717,2684336
33 5th Avenue Rent,364,Rent,-230.1557,2684106
5 8th Street Rent,364,Rent,-135.4097,2683971
Elite Couture Revenue,363,Revenue,100180,2784151
19 1st Avenue Rent,364,Rent,-250.508,2783900
The Green Salad Revenue,363,Revenue,17608,2801508
30 2nd Avenue Rent,364,Rent,-1158.506,2800350
Elite Jewels Revenue,363,Revenue,297700,3098050
44 1st Avenue Rent,364,Rent,-535.2296,3097514
Katalytica Midtown Revenue,363,Revenue,249600,3347114
6 3rd Avenue Rent,364,Rent,-1158.506,3345956
Katar Midtown Revenue,363,Revenue,66336,3412292
Delivery from BlueStone Imports,364,ImportDelivery,-31623.44,3380668
Delivery from United Ocean Import ,364,ImportDelivery,-150191.6,3230477
Marketing campaigns for The Suits Law Firm,364,Marketing,-2750,3227727
Marketing campaigns for Katalytica HK,364,Marketing,-2750,3224977
Marketing campaigns for Karakata Associates,364,Marketing,-500,3224477
Marketing campaigns for Kalico Midtown,364,Marketing,-2750,3221727
Marketing campaigns for Karvin Kween,364,Marketing,-1350,3220377
Marketing campaigns for Elite Couture,364,Marketing,-1350,3219027
Marketing campaigns for The Green Salad,364,Marketing,-1350,3217677
Marketing campaigns for Elite Jewels,364,Marketing,-9350,3208327
Marketing campaigns for Katalytica Midtown,364,Marketing,-6350,3201977
Marketing campaigns for Katar Midtown,364,Marketing,-9350,3192627
42 3rd Street rent revenue,365,RentRevenue,290.7497,3192918
44 3rd Street rent revenue,365,RentRevenue,177.2649,3193095
Lily Barton (Katalytica Midtown Daily Wage),364,Wage,-258,3192837
Tommy Brooks (Katalytica Midtown Daily Wage),364,Wage,-44,3192793
Lara Norris (Warehouse #1 Daily Wage),364,Wage,-153.9,3192639
Tristan Barker (Katalytica Midtown Daily Wage),364,Wage,-402,3192237
Maya Turner (Karvin Kween Daily Wage),364,Wage,-128,3192109
Abbie Lopez (Katar Midtown Daily Wage),364,Wage,-336,3191773
Curtis Norris (Elite Jewels Daily Wage),364,Wage,-138,3191635
Traci Parker (Elite Jewels Daily Wage),364,Wage,-208,3191427
Frederick Kelly (Elite Couture Daily Wage),364,Wage,-243,3191184
Lara Wright (Elite Couture Daily Wage),364,Wage,-232,3190952
Christen Butler (Elite Jewels Daily Wage),364,Wage,-300,3190652
Bradley Turner (Karvin Kween Daily Wage),364,Wage,-90,3190562
Justin Mitchell (Karvin Kween Daily Wage),364,Wage,-312,3190250
Zachary Hill (Warehouse #2 Daily Wage),364,Wage,-159.6,3190090
Mollie Martinez (Kalico Midtown Daily Wage),364,Wage,-150,3189940
Emilia White (Kalico Midtown Daily Wage),364,Wage,-168,3189772
Eve Sullivan (Kalico Midtown Daily Wage),364,Wage,-240,3189532
Joel Rogers (Kalico Midtown Daily Wage),364,Wage,-240,3189292
Leon Powell (Kalico Midtown Daily Wage),364,Wage,-64,3189228
Jennifer Kelly (The Green Salad Daily Wage),364,Wage,-400,3188828
Zoe Thompson (The Green Salad Daily Wage),364,Wage,-374,3188454
Harvey Anderson (The Green Salad Daily Wage),364,Wage,-448,3188006
Mark Nelson (Katar Midtown Daily Wage),364,Wage,-258,3187748
Zoe Foster (Katar Midtown Daily Wage),364,Wage,-300,3187448
Taylor Myers (The Suits Law Firm Daily Wage),364,Wage,-1024,3186424
Ava Rogers (The Suits Law Firm Daily Wage),364,Wage,-1008,3185416
Nicholas Sanchez (The Suits Law Firm Daily Wage),364,Wage,-968,3184448
Owen Martin (The Suits Law Firm Daily Wage),364,Wage,-364,3184084
Courtney Nicholson (The Suits Law Firm Daily Wage),364,Wage,-726,3183358
Traci Martin (The Suits Law Firm Daily Wage),364,Wage,-1544,3181814
Charlotte Murphy (The Suits Law Firm Daily Wage),364,Wage,-954,3180860
Bonnie Howard (The Suits Law Firm Daily Wage),364,Wage,-888,3179972
Margaret Smith (The Suits Law Firm Daily Wage),364,Wage,-232,3179740
Leah Martin (The Suits Law Firm Daily Wage),364,Wage,-846,3178894
Kevin Bennett (The Suits Law Firm Daily Wage),364,Wage,-56,3178838
Lewis Murphy (Karakata Associates Daily Wage),364,Wage,-760,3178078
Marie Walker (Karakata Associates Daily Wage),364,Wage,-704,3177374
Lewin Allen (Karakata Associates Daily Wage),364,Wage,-736,3176638
Sadie Powell (Karakata Associates Daily Wage),364,Wage,-40,3176598
Curtis Jackson (Katar Midtown Daily Wage),364,Wage,-144,3176454
Justin Davis (Katar Midtown Daily Wage),364,Wage,-156,3176298
Jason Miller (Elite Jewels Daily Wage),364,Wage,-416,3175882
Curtis Harris (Katar Midtown Daily Wage),364,Wage,-42,3175840
Sally Ross (Katalytica Midtown Daily Wage),364,Wage,-936,3174904
Natasha Williams (Katalytica Midtown Daily Wage),364,Wage,-858,3174046
Margie Morgan (Katalytica Midtown Daily Wage),364,Wage,-816,3173230
Nannie Gray (Katalytica Midtown Daily Wage),364,Wage,-726,3172504
Dell Nelson (Katalytica Midtown Daily Wage),364,Wage,-396,3172108
Elise Martinez (Katalytica Midtown Daily Wage),364,Wage,-816,3171292
Raymond Jenkins (Katalytica Midtown Daily Wage),364,Wage,-834,3170458
Gawen Myers (Katalytica Midtown Daily Wage),364,Wage,-702,3169756
Taylor Campbell (Katalytica Midtown Daily Wage),364,Wage,-936,3168820
Stanley Casey (Katalytica Midtown Daily Wage),364,Wage,-528,3168292
Sofia Cook (Katalytica Midtown Daily Wage),364,Wage,-546,3167746
Annie Edwards (Katalytica Midtown Daily Wage),364,Wage,-528,3167218
Replacement for Velma Fisher (Katalytica Midtown Wage),364,ReplacementWage,-555,3166663
Josephine Clark (Katalytica Midtown Daily Wage),364,Wage,-288,3166375
Sofia Garcia (Katalytica Midtown Daily Wage),364,Wage,-312,3166063
Christen Wilson (Katalytica Midtown Daily Wage),364,Wage,-324,3165739
Layla Bell (Katalytica Midtown Daily Wage),364,Wage,-306,3165433
Sebastian Miles (Katalytica HK Daily Wage),364,Wage,-472,3164961
Raymond Howard (Katalytica HK Daily Wage),364,Wage,-1722,3163239
Replacement for Catherine Adams (Katalytica HK Wage),364,ReplacementWage,-1040,3162199
Sandy Hughes (Katalytica HK Daily Wage),364,Wage,-848,3161351
Cloten Walker (Katalytica HK Daily Wage),364,Wage,-752,3160599
Sonny Foster (Katalytica HK Daily Wage),364,Wage,-984,3159615
Pax Cox (Katalytica HK Daily Wage),364,Wage,-48,3159567
Public parking for UMC Desert,364,PublicParking,-120,3159447
31 1st Avenue Rent,365,Rent,-201.106,3159246
The Suits Law Firm Revenue,364,Revenue,85200,3244446
9 1st Street Rent,365,Rent,-70.98742,3244375
Katalytica HK Revenue,364,Revenue,21300,3265675
59 3rd Street Rent,365,Rent,-75.99196,3265599
29 5th Avenue Rent,365,Rent,-24.32862,3265575
Karakata Associates Revenue,364,Revenue,8550,3274125
29 1st Avenue Rent,365,Rent,-317.3102,3273808
Kalico Midtown Revenue,364,Revenue,25831,3299639
24 2nd Avenue Rent,365,Rent,-460.3931,3299178
3 2nd Avenue Rent,365,Rent,-154.5364,3299024
Karvin Kween Revenue,364,Revenue,9000,3308024
21 5th Avenue Rent,365,Rent,-145.9717,3307878
33 5th Avenue Rent,365,Rent,-230.1557,3307648
5 8th Street Rent,365,Rent,-135.4097,3307512
Elite Couture Revenue,364,Revenue,90740,3398252
19 1st Avenue Rent,365,Rent,-250.508,3398002
The Green Salad Revenue,364,Revenue,16280,3414282
30 2nd Avenue Rent,365,Rent,-1158.506,3413123
Elite Jewels Revenue,364,Revenue,303000,3716123
44 1st Avenue Rent,365,Rent,-535.2296,3715588
Katalytica Midtown Revenue,364,Revenue,108000,3823588
6 3rd Avenue Rent,365,Rent,-1158.506,3822429
Katar Midtown Revenue,364,Revenue,65100,3887529
Marketing campaigns for The Suits Law Firm,365,Marketing,-2750,3884779
Marketing campaigns for Katalytica HK,365,Marketing,-2750,3882029
Marketing campaigns for Karakata Associates,365,Marketing,-500,3881529
Marketing campaigns for Kalico Midtown,365,Marketing,-2750,3878779
Marketing campaigns for Karvin Kween,365,Marketing,-1350,3877429
Marketing campaigns for Elite Couture,365,Marketing,-1350,3876079
Marketing campaigns for The Green Salad,365,Marketing,-1350,3874729
Marketing campaigns for Elite Jewels,365,Marketing,-9350,3865379
Marketing campaigns for Katalytica Midtown,365,Marketing,-6350,3859029
Marketing campaigns for Katar Midtown,365,Marketing,-9350,3849679
Bank negative interest rate,365,BankNegativeInterestRate,-423464.7,3426215
Lace Global A payout,365,InvestmentPayout,1.119692E+07,1.462314E+07
Asia Dynamic Industries payout,365,InvestmentPayout,2023481,1.664662E+07
HG China Bonds payout,365,InvestmentPayout,4041277,2.06879E+07
